Workbook

Sheet 3월
A1: 3월 | B1: 날짜 | C1: 03.01 | D1: 03.03 | E1: 03.11 | F1: 03.12 | G1: 03.18 | H1: 누적 점수
B2: 구분 | C2: 비정기모임 | D2: 4차 정기모임 | E2: 5차 정기모임 | F2: 비정기모임 | G2: 6차 정기모임 | I2: 보증금 환급
B3: 활동 | C3: 강남 술 | D3: 대학로 연극 | E3: 신림 방탈출 | F3: 건대 술 | G3: 한강 나들이 | I3: 대상자 여부
B4: 주최자 | C4: 박서현 | D4: - | E4: - | F4: 백다은 | G4: -
A5: 운영진 | B5: 이진진 | D5: 3 | E5: 3 | G5: 5 | H5: =SUM(C5:G5)+'2월'!I5 -> 28 | I5: =IF(H5>=15,"O","X") -> O
B6: 백다은 | E6: 3 | F6: 2 | G6: 1 | H6: =SUM(C6:G6)+'2월'!I6 -> 19 | I6: =IF(H6>=15,"O","X") -> O
B7: 홍석범 | D7: 3 | E7: 3 | F7: 1 | H7: =SUM(C7:G7)+'2월'!I7 -> 23 | I7: =IF(H7>=15,"O","X") -> O
B8: 오소현 | E8: 3 | H8: =SUM(C8:G8)+'2월'!I8 -> 9 | I8: =IF(H8>=15,"O","X") -> X
B9: 이규엽 | D9: 3 | F9: 1 | G9: 1 | H9: =SUM(C9:G9)+'2월'!I9 -> 14 | I9: =IF(H9>=15,"O","X") -> X
A10: 활동회원 | B10: 임정연 | C10: 1 | G10: 5 | H10: =SUM(C10:G10)+'2월'!I10 -> 14 | I10: =IF(H10>=15,"O","X") -> X
B11: 황인우 | H11: =SUM(C11:G11)+'2월'!I11 -> 5 | I11: =IF(H11>=15,"O","X") -> X
B12: 김승현 | D12: 3 | E12: 3 | F12: 1 | G12: 5 | H12: =SUM(C12:G12)+'2월'!I12 -> 25 | I12: =IF(H12>=15,"O","X") -> O
B13: 박서현 | C13: 2 | G13: 5 | H13: =SUM(C13:G13)+'2월'!I13 -> 9 | I13: =IF(H13>=15,"O","X") -> X
B14: 김해찬 | D14: 3 | G14: 5 | H14: =SUM(C14:G14)+'2월'!I14 -> 10 | I14: =IF(H14>=15,"O","X") -> X
B15: 이원준 | G15: 1 | H15: =SUM(C15:G15)+'2월'!I15 -> 5 | I15: =IF(H15>=15,"O","X") -> X
B16: 강석훈 | H16: =SUM(C16:G16)+'2월'!I16 -> 0 | I16: =IF(H16>=15,"O","X") -> X
B17: 윤민식 | C17: 1 | D17: 1 | E17: 3 | F17: 1 | G17: 1 | H17: =SUM(C17:G17)+'2월'!I17 -> 25 | I17: =IF(H17>=15,"O","X") -> O
B18: 이광민 | E18: 1 | H18: =SUM(C18:G18)+'2월'!I18 -> 5 | I18: =IF(H18>=15,"O","X") -> X
B19: 김도현 | H19: =SUM(C19:G19)+'2월'!I19 -> 3 | I19: =IF(H19>=15,"O","X") -> X
B20: 김주곤 | G20: 5 | H20: =SUM(C20:G20)+'2월'!I20 -> 18 | I20: =IF(H20>=15,"O","X") -> O
B21: 김태형 | D21: 3 | H21: =SUM(C21:G21)+'2월'!I21 -> 9 | I21: =IF(H21>=15,"O","X") -> X
B22: 류혜원 | H22: =SUM(C22:G22)+'2월'!I22 -> 8 | I22: =IF(H22>=15,"O","X") -> X
B23: 유지원 | H23: =SUM(C23:G23)+'2월'!I23 -> 0 | I23: =IF(H23>=15,"O","X") -> X
B24: 이성현 | C24: 1 | H24: =SUM(C24:G24)+'2월'!I24 -> 9 | I24: =IF(H24>=15,"O","X") -> X
B25: 이수민 | C25: 1 | D25: 1 | E25: 1 | F25: 1 | G25: 5 | H25: =SUM(C25:G25)+'2월'!I25 -> 15 | I25: =IF(H25>=15,"O","X") -> O
B26: 이장현 | H26: =SUM(C26:G26)+'2월'!I26 -> 8 | I26: =IF(H26>=15,"O","X") -> X
B27: 이주하 | C27: 1 | H27: =SUM(C27:G27)+'2월'!I27 -> 12 | I27: =IF(H27>=15,"O","X") -> X
B28: 이주희 | C28: 1 | E28: 3 | H28: =SUM(C28:G28)+'2월'!I28 -> 13 | I28: =IF(H28>=15,"O","X") -> X
B29: 정예원 | D29: 3 | H29: =SUM(C29:G29)+'2월'!I29 -> 12 | I29: =IF(H29>=15,"O","X") -> X
B30: 주연희 | H30: =SUM(C30:G30)+'2월'!I30 -> 3 | I30: =IF(H30>=15,"O","X") -> X
B31: 최지훈 | C31: 1 | E31: 1 | F31: 1 | H31: =SUM(C31:G31)+'2월'!I31 -> 17 | I31: =IF(H31>=15,"O","X") -> O
B32: 홍지은 | H32: =SUM(C32:G32)+'2월'!I32 -> 8 | I32: =IF(H32>=15,"O","X") -> X
A33: 합계 | C33: =COUNT(C5:C32) -> 8 | D33: =COUNT(D5:D32) -> 9 | E33: =COUNT(E5:E32) -> 10 | F33: =COUNT(F5:F32) -> 7 | G33: =COUNT(G5:G32) -> 11 | I33: =COUNTIF(I5:I32,"O") -> 8

Sheet 2월
A1: 2월 | B1: 날짜 | C1: 02.01 | D1: 02.01 | E1: 02.04 | F1: 02.09 | G1: 02.10 | H1: 02.20 | I1: 누적 점수
B2: 구분 | C2: 비정기모임 | D2: 비정기모임 | E2: 2차 정기모임 | F2: 비정기모임 | G2: 3차 정기모임 | H2: 비정기모임
B3: 활동 | C3: 캐리비안베이 | D3: 신촌 칼싸움 | E3: 종각 볼링 | F3: 신촌 술 | G3: 강남 원데이클래스 | H3: 건대 술(다은 생일)
B4: 주최자 | C4: 이주희 | D4: 홍석범 | E4: - | F4: 이규엽 | G4: - | H4: 이진진
A5: 운영진 | B5: 이진진 | D5: 1 | E5: 3 | F5: 1 | G5: 5 | H5: 2 | I5: =SUM(C5:H5)+'1월'!G5 -> 17
B6: 백다은 | G6: 5 | H6: 1 | I6: =SUM(C6:H6)+'1월'!G6 -> 13
B7: 홍석범 | D7: 2 | E7: 3 | G7: 5 | H7: 1 | I7: =SUM(C7:H7)+'1월'!G7 -> 16
B8: 오소현 | E8: 3 | I8: =SUM(C8:H8)+'1월'!G8 -> 6
B9: 이규엽 | D9: 1 | E9: 1 | F9: 2 | I9: =SUM(C9:H9)+'1월'!G9 -> 9
A10: 활동회원 | B10: 임정연 | G10: 5 | H10: 1 | I10: =SUM(C10:H10)+'1월'!G10 -> 8
B11: 황인우 | E11: 1 | I11: =SUM(C11:H11)+'1월'!G11 -> 5
B12: 김승현 | C12: 1 | E12: 3 | H12: 1 | I12: =SUM(C12:H12)+'1월'!G12 -> 13
B13: 박서현 | G13: 1 | H13: 1 | I13: =SUM(C13:H13)+'1월'!G13 -> 2
B14: 김해찬 | D14: 1 | E14: 1 | I14: =SUM(C13:H13)+'1월'!G13 -> 2
B15: 이원준 | E15: 1 | I15: =SUM(C15:H15)+'1월'!G15 -> 4
B16: 강석훈 | I16: =SUM(C16:H16)+'1월'!G16 -> 0
B17: 윤민식 | E17: 3 | G17: 5 | H17: 1 | I17: =SUM(C17:H17)+'1월'!G17 -> 18
B18: 이광민 | I18: =SUM(C18:H18)+'1월'!G18 -> 4
B19: 김도현 | I19: =SUM(C19:H19)+'1월'!G19 -> 3
B20: 김주곤 | E20: 1 | G20: 5 | I20: =SUM(C20:H20)+'1월'!G20 -> 13
B21: 김태형 | E21: 3 | I21: =SUM(C21:H21)+'1월'!G21 -> 6
B22: 류혜원 | G22: 5 | I22: =SUM(C22:H22)+'1월'!G22 -> 8
B23: 유지원 | I23: =SUM(C23:H23)+'1월'!G23 -> 0
B24: 이성현 | H24: 1 | I24: =SUM(C24:H24)+'1월'!G24 -> 8
B25: 이수민 | E25: 3 | G25: 1 | I25: =SUM(C25:H25)+'1월'!G25 -> 6
B26: 이장현 | G26: 5 | I26: =SUM(C26:H26)+'1월'!G26 -> 8
B27: 이주하 | E27: 1 | G27: 5 | I27: =SUM(C27:H27)+'1월'!G27 -> 11
B28: 이주희 | C28: 2 | F28: 1 | H28: 1 | I28: =SUM(C28:H28)+'1월'!G28 -> 9
B29: 정예원 | E29: 3 | I29: =SUM(C29:H29)+'1월'!G29 -> 9
B30: 주연희 | E30: 3 | I30: =SUM(C30:H30)+'1월'!G30 -> 3
B31: 최지훈 | E31: 3 | G31: 5 | H31: 1 | I31: =SUM(C31:H31)+'1월'!G31 -> 14
B32: 홍지은 | G32: 5 | I32: =SUM(C32:H32)+'1월'!G32 -> 8
A33: 합계 | C33: =COUNT(C5:C32) -> 2 | D33: =COUNT(D5:D32) -> 4 | E33: =COUNT(E5:E32) -> 16 | F33: =COUNT(F5:F32) -> 3 | G33: =COUNT(G5:G32) -> 13 | H33: =COUNT(H5:H32) -> 10

Sheet 1월
A1: 1월 | B1: 날짜 | C1: 01.14 | D1: 01.18 | E1: 01.23 | F1: 01.27 | G1: 누적 점수
B2: 구분 | C2: 오리엔테이션 | D2: 비정기모임 | E2: 비정기모임 | F2: 1차 정기모임
B3: 활동 | C3: 오리엔테이션 | D3: 신촌 술 | E3: 강남 술 | F3: 왕십리 보드게임
B4: 주최자 | C4: - | D4: 윤민식 | E4: 임정연 | F4: -
A5: 운영진 | B5: 이진진 | C5: 3 | D5: 1 | F5: 1 | G5: =SUM(C5:F5) -> 5
B6: 백다은 | C6: 3 | D6: 1 | F6: 3 | G6: =SUM(C6:F6) -> 7
B7: 홍석범 | C7: 3 | D7: 1 | F7: 1 | G7: =SUM(C7:F7) -> 5
B8: 오소현 | C8: 3 | G8: =SUM(C8:F8) -> 3
B9: 이규엽 | C9: 3 | D9: 1 | F9: 1 | G9: =SUM(C9:F9) -> 5
A10: 활동회원 | B10: 임정연 | E10: 2 | G10: =SUM(C10:F10) -> 2
B11: 황인우 | C11: 3 | F11: 1 | G11: =SUM(C11:F11) -> 4
B12: 김승현 | C12: 3 | D12: 1 | E12: 1 | F12: 3 | G12: =SUM(C12:F12) -> 8
B13: 박서현 | G13: =SUM(C13:F13) -> 0
B14: 김해찬 | C14: 3 | D14: 1 | G14: =SUM(C14:F14) -> 4
B15: 이원준 | F15: 3 | G15: =SUM(C15:F15) -> 3
B16: 강석훈 | G16: =SUM(C16:F16) -> 0
B17: 윤민식 | C17: 3 | D17: 2 | E17: 1 | F17: 3 | G17: =SUM(C17:F17) -> 9
B18: 이광민 | C18: 3 | F18: 1 | G18: =SUM(C18:F18) -> 4
B19: 김도현 | C19: 3 | G19: =SUM(C19:F19) -> 3
B20: 김주곤 | C20: 3 | E20: 1 | F20: 3 | G20: =SUM(C20:F20) -> 7
B21: 김태형 | C21: 3 | G21: =SUM(C21:F21) -> 3
B22: 류혜원 | C22: 3 | G22: =SUM(C22:F22) -> 3
B23: 유지원 | G23: =SUM(C23:F23) -> 0
B24: 이성현 | C24: 3 | E24: 1 | F24: 3 | G24: =SUM(C24:F24) -> 7
B25: 이수민 | E25: 1 | F25: 1 | G25: =SUM(C25:F25) -> 2
B26: 이장현 | C26: 3 | G26: =SUM(C26:F26) -> 3
B27: 이주하 | C27: 3 | E27: 1 | F27: 1 | G27: =SUM(C27:F27) -> 5
B28: 이주희 | C28: 3 | D28: 1 | E28: 1 | G28: =SUM(C28:F28) -> 5
B29: 정예원 | C29: 3 | F29: 3 | G29: =SUM(C29:F29) -> 6
B30: 주연희 | G30: =SUM(C30:F30) -> 0
B31: 최지훈 | C31: 3 | D31: 1 | F31: 1 | G31: =SUM(C31:F31) -> 5
B32: 홍지은 | C32: 3 | G32: =SUM(C32:F32) -> 3
A33: 참여 인원 | C33: =COUNT(C5:C32) -> 21 | D33: =COUNT(D5:D32) -> 9 | E33: =COUNT(E5:E32) -> 8 | F33: =COUNT(F5:F32) -> 15
